sample_index,ensemble_prob,single_prob
8,1.0,1.0
7,0.9999998092651368,1.0
9,0.9999999761581421,1.0
7,0.999988603591919,1.0
0,0.9999999046325684,1.0
3,1.0,1.0
1,0.9999999761581421,1.0
9,1.0,1.0
9,1.0,1.0
2,1.0,1.0
