time(s),dataset_index,single_class,single_prob,ensemble_class,ensemble_prob
0.007783174514770508,2233,4,1.0,4,1.0
0.0008366107940673828,4619,6,1.0,6,1.0
0.0010693073272705078,3188,0,1.0,0,1.0
0.0009543895721435547,7957,3,1.0,3,1.0
0.0008618831634521484,4499,1,1.0,1,1.0
0.0009708404541015625,4864,8,1.0,8,1.0
0.001123666763305664,2234,4,1.0,4,1.0
0.0009152889251708984,4894,9,1.0,9,1.0
0.0008976459503173828,909,1,1.0,1,1.0
0.0009739398956298828,8314,7,1.0,7,1.0
