time(s),dataset_index,single_class,single_prob,ensemble_class,ensemble_prob
0.012149572372436523,8137,5,1.0,8,0.8
0.001035451889038086,7482,4,1.0,8,0.8
0.0009279251098632812,3877,5,1.0,1,0.4
0.0011093616485595703,2200,8,1.0,8,1.0
0.0008862018585205078,687,5,1.0,1,0.4
0.0009672641754150391,629,5,1.0,5,1.0
0.0010254383087158203,753,4,1.0,4,0.6
0.0009469985961914062,606,8,1.0,8,0.6
0.0009341239929199219,4699,1,1.0,1,1.0
0.0009548664093017578,2480,5,1.0,5,0.6
