time(s),dataset_index,single_class,single_prob,ensemble_class,ensemble_prob
0.010790109634399414,4968,9,1.0,9,1.0
0.0008671283721923828,5332,4,1.0,4,1.0
0.0008745193481445312,880,6,1.0,6,1.0
0.0009291172027587891,7744,6,1.0,6,1.0
0.0009074211120605469,777,0,1.0,0,1.0
0.0009150505065917969,8730,6,1.0,6,1.0
0.0009286403656005859,8624,3,1.0,3,1.0
0.0008907318115234375,501,9,1.0,9,1.0
0.0008528232574462891,4987,0,1.0,0,1.0
0.0009300708770751953,2482,2,1.0,2,1.0
