time(s),dataset_index,single_class,single_prob,ensemble_class,ensemble_prob
0.00768733024597168,2873,0,1.0,0,0.5
0.0010862350463867188,6495,1,1.0,1,0.5
0.0010769367218017578,2440,8,1.0,8,1.0
0.0008230209350585938,1502,8,1.0,8,1.0
0.0009751319885253906,4117,4,1.0,4,1.0
0.0010766983032226562,8683,8,1.0,5,0.5
0.0009329319000244141,4182,8,1.0,5,0.5
0.0008938312530517578,7358,8,1.0,5,0.5
0.0009732246398925781,2982,4,1.0,4,1.0
0.0009365081787109375,2287,8,1.0,8,1.0
