time(s),dataset_index,single_class,single_prob,ensemble_class,ensemble_prob
1.6838510036468506,7266,5,1.0,5,1.0
0.001478433609008789,3590,8,1.0,8,1.0
0.0012764930725097656,7715,9,1.0,9,1.0
0.0010154247283935547,119,5,1.0,5,1.0
0.0010461807250976562,5084,0,1.0,0,1.0
0.0008246898651123047,8311,5,1.0,5,1.0
0.0011456012725830078,6589,5,1.0,5,1.0
0.0009813308715820312,2540,5,1.0,5,1.0
0.0009779930114746094,1480,5,1.0,5,1.0
0.0008437633514404297,4250,5,1.0,5,1.0
