time(s),dataset_index,single_class,single_prob,ensemble_class,ensemble_prob
0.017875194549560547,680,4,1.0,4,1.0
0.0008788108825683594,8296,0,1.0,0,1.0
0.0008311271667480469,8539,9,1.0,9,1.0
0.0008828639984130859,8977,4,1.0,4,1.0
0.0009090900421142578,7243,0,1.0,0,1.0
0.0009675025939941406,5828,2,1.0,2,1.0
0.0008788108825683594,5785,2,1.0,2,1.0
0.0008847713470458984,6653,4,1.0,4,1.0
0.0008783340454101562,8234,5,1.0,5,1.0
0.0008518695831298828,2015,3,1.0,3,1.0
