time(s),dataset_index,single_class,single_prob,ensemble_class,ensemble_prob
0.008463859558105469,6466,6,1.0,6,1.0
0.0009834766387939453,4421,6,1.0,6,1.0
0.0009806156158447266,1202,4,1.0,4,1.0
0.0008985996246337891,4353,0,1.0,0,1.0
0.0008611679077148438,2122,7,1.0,7,1.0
0.0008585453033447266,7404,9,1.0,9,1.0
0.000858306884765625,8839,7,1.0,3,0.33333333340542165
0.0008738040924072266,6460,7,1.0,7,1.0
0.0009570121765136719,6614,7,1.0,7,1.0
0.0008692741394042969,6529,3,1.0,3,1.0
