time(s),dataset_index,single_class,single_prob,ensemble_class,ensemble_prob
0.015166759490966797,3049,7,1.0,7,1.0
0.0012035369873046875,8830,5,1.0,5,1.0
0.0009245872497558594,3636,2,1.0,2,1.0
0.0009112358093261719,5741,7,1.0,7,1.0
0.0011391639709472656,8861,4,1.0,4,1.0
0.0008423328399658203,6116,6,1.0,6,1.0
0.0008859634399414062,4254,1,1.0,1,1.0
0.0008640289306640625,8328,7,1.0,7,1.0
0.001077413558959961,1811,0,1.0,0,1.0
0.0010368824005126953,2712,6,1.0,6,1.0
