time(s),dataset_index,single_class,single_prob,ensemble_class,ensemble_prob
0.016202926635742188,3715,7,1.0,7,1.0
0.0008864402770996094,2976,7,1.0,7,0.8571428571428571
0.0008759498596191406,5334,6,1.0,6,1.0
0.0008854866027832031,3992,0,1.0,0,1.0
0.0008840560913085938,7187,1,1.0,1,1.0
0.0008370876312255859,3137,8,1.0,8,1.0
0.0009109973907470703,1421,1,1.0,1,1.0
0.0008699893951416016,6753,6,1.0,6,1.0
0.0009055137634277344,2221,3,1.0,3,1.0
0.0008311271667480469,6547,6,1.0,6,1.0
