time(s),dataset_index,single_class,single_prob,ensemble_class,ensemble_prob
0.010434389114379883,5840,8,1.0,8,1.0
0.0008704662322998047,1341,8,1.0,8,1.0
0.0009725093841552734,6049,5,1.0,5,1.0
0.001047372817993164,663,8,1.0,0,0.5
0.0009071826934814453,563,5,1.0,5,0.5
0.0008234977722167969,6644,2,1.0,2,0.75
0.0008518695831298828,1530,8,1.0,8,1.0
0.0008666515350341797,7328,8,0.9999802,8,0.9999950528144836
0.0008766651153564453,7627,8,1.0,8,0.75
0.0008113384246826172,854,8,1.0,8,1.0
