time(s),dataset_index,single_class,single_prob,ensemble_class,ensemble_prob
0.0192563533782959,2326,3,1.0,3,1.0
0.0008261203765869141,4868,9,1.0,9,1.0
0.0009007453918457031,7359,0,1.0,0,1.0
0.0008604526519775391,7052,7,1.0,7,1.0
0.0008144378662109375,4460,1,1.0,1,1.0
0.0009324550628662109,3181,1,1.0,1,1.0
0.0008413791656494141,5043,5,1.0,5,1.0
0.0008962154388427734,1096,0,1.0,0,1.0
0.0008912086486816406,2705,8,1.0,8,1.0
0.0008792877197265625,3105,1,1.0,1,1.0
