time(s),dataset_index,single_class,single_prob,ensemble_class,ensemble_prob
1.661620855331421,2774,0,1.0,0,1.0
0.0014500617980957031,4439,4,1.0,4,1.0
0.0012767314910888672,90,9,1.0,9,1.0
0.0011208057403564453,658,2,1.0,2,1.0
0.001043558120727539,4980,0,1.0,0,1.0
0.0010342597961425781,5132,2,1.0,2,1.0
0.0009293556213378906,4706,5,1.0,5,1.0
0.0008895397186279297,8988,5,1.0,5,1.0
0.0009055137634277344,3772,4,1.0,4,1.0
0.0010712146759033203,4292,2,1.0,2,1.0
