time(s),dataset_index,single_class,single_prob,ensemble_class,ensemble_prob
0.012037515640258789,1708,4,1.0,4,1.0
0.0009355545043945312,5796,2,1.0,2,1.0
0.0010352134704589844,3553,9,1.0,9,1.0
0.0008490085601806641,7958,8,1.0,8,1.0
0.0008599758148193359,3552,3,1.0,3,1.0
0.0009124279022216797,5674,7,1.0,7,1.0
0.000820159912109375,8447,7,1.0,7,1.0
0.0008366107940673828,7602,2,1.0,2,1.0
0.0009276866912841797,7265,7,1.0,7,1.0
0.0009257793426513672,5035,2,1.0,2,1.0
