time(s),dataset_index,single_class,single_prob,ensemble_class,ensemble_prob
0.021389007568359375,7322,9,1.0,9,1.0
0.0009491443634033203,5499,2,1.0,2,1.0
0.0008988380432128906,8547,2,1.0,2,1.0
0.0009300708770751953,1786,1,1.0,1,1.0
0.0009365081787109375,391,4,1.0,4,1.0
0.0009016990661621094,3695,4,1.0,4,1.0
0.0009109973907470703,4961,9,1.0,9,1.0
0.0009331703186035156,6578,5,1.0,5,1.0
0.0009114742279052734,1047,6,1.0,6,1.0
0.0009062290191650391,507,7,1.0,7,1.0
