dataset_index,single_class,single_prob,ensemble_class,ensemble_prob
532,0,0.99978167,0,0.424273690674454
2380,8,0.999995,8,0.9974201798439026
5946,2,0.74244463,2,0.6467306286096572
490,4,0.7984296,4,0.29816688718274237
1352,7,0.87501585,7,0.8160057902336121
4775,6,0.9786961,3,0.43895921116236425
2727,6,1.0,0,0.42802710809148437
5728,6,0.5934955,8,0.35256020192591675
2679,4,0.98231953,4,0.448695358675468
1070,1,0.5400521,4,0.34797740005888045
