dataset_index,single_class,single_prob,ensemble_class,ensemble_prob
3648,9,1.0,9,1.0
4032,4,1.0,4,1.0
7932,8,1.0,8,1.0
487,0,1.0,0,1.0
8693,6,1.0,6,0.999998950958252
6569,8,0.9999825,8,0.9995709300041199
2216,8,0.9999999,8,0.9999998807907104
1954,0,1.0,0,1.0
1717,0,1.0,0,1.0
5447,3,1.0,3,1.0
